md5,dataset,label
a047b5c66aead17ac439e0e959f3a22d,api_asset,green
a048e204570eaa639a4bb530c490417a,api_asset,green
a04a9bdf5f53b33aa7d9d30d7de64ace,api_asset,green
a053ce659cc9b6d1c95ede40423ac3b2,api_asset,green
a05793e724dd53818809939a8df7f427,api_asset,green
a059a4b20f7df459ac14c31a6c9067c7,api_asset,green
a05e33960876d7ba33451a7c96e82a42,api_asset,green
931897ad4c46e97d44774a94ecd64a4c,api_asset,green
9318d30413645144f0264e7dc5d51a12,api_asset,green
931930e2bcdfba6ddecb7901e6173c47,api_asset,green
931d7aebe308f153866e6ab6eda4901a,api_asset,green
931ffcf2a4344f8069c286cee781fc54,api_asset,green
932944860fd187df5f1407d91dc9a06d,api_asset,green
9892374483f74056dbbb860fecfbf8f5,api_asset,green
fe196dee8d23af6b17ba3ef231e477ca,api_asset,green
cac8747a5d11ef98cb052f8149802ffc,api_asset,green
cac8ce103307e265c6b41a0c9d9cf8cb,api_asset,green
caca64291bc9494510fe875b74686a6b,api_asset,green
caca8d7a2c697a629f77d9e95d14bf87,api_asset,green
cacb582f652250a7a5081e063556c448,api_asset,green
cacc4d7a933c00691e54bf9d243009b8,api_asset,green
cad386427ca1f9d95534081b40b7c540,api_asset,green
cad5e9f54372cf6684b6cd0dadbe2251,api_asset,green
e2447e84b50f810ed5ddc8f8eca6bd00,api_asset,green
e240c3fa06ad54ef18ec008612e5f7ce,api_asset,green
e241788a3c3cb8d9574490a0b55ced41,api_asset,green
e2493d70df67ff09eed0a37db809f38b,api_asset,green
de9c01b317ba760f5e91cd5436765431,api_asset,green
dea2329f97350b23e7b81ed00df56ca5,api_asset,green
dea75810714fea71a04e90e20a0ad1ea,api_asset,green
